Symbol,Name,Last Sale,Net Change,% Change,Market Cap,Country,IPO Year,Volume,Sector,Industry
AACG,ATA Creativity Global American Depositary Shares,$0.9724,-0.0576,-5.592%,41792715.0,China,2008,13493,Real Estate,Other Consumer Services
AAPG,Ascentage Pharma Group International American Depository Shares,$22.32,3.21,16.797%,1943327516.0,China,2025,14198,Health Care,Biotechnology: Pharmaceutical Preparations
ABLV,Able View Global Inc. Class B Ordinary Shares,$0.6349,0.0,0.00%,31357661.0,China,,161,Consumer Discretionary,Other Consumer Services
ABLVW,Able View Global Inc. Warrant,$0.0166,0.0001,0.606%,819873.0,China,,896,Consumer Discretionary,Other Consumer Services
ABTS,Abits Group Inc Ordinary Shares,$2.53,-0.025,-0.978%,5996087.0,China,,6083,Technology,Computer Software: Programming Data Processing
ACCL,Acco Group Holdings Limited Class A Ordinary Shares,$1.34,-0.0599,-4.279%,18626000.0,Hong Kong,2025,28366,Consumer Discretionary,Professional Services
ADAG,Adagene Inc. American Depositary Shares,$3.92,0.29,7.989%,184754578.0,China,2021,154022,Health Care,Biotechnology: Pharmaceutical Preparations
ADVB,Advanced Biomed Inc. Common Stock,$4.18,0.03,0.723%,5703760.0,Taiwan,2025,12645,Health Care,Medical Specialities
AEHL,Antelope Enterprise Holdings Limited Class A Ordinary Shares,$1.66,0.08,5.063%,6274158.0,China,,195375,Industrials,Building Materials
AGCC,Agencia Comercial Spirits Ltd Class A Ordinary Shares,$15.20,1.15,8.185%,518532800.0,Taiwan,2025,252041,Consumer Staples,Beverages (Production/Distribution)
AGMH,AGM Group Holdings Inc. Class A Ordinary Shares,$1.04,-0.02,-1.887%,3638888.0,Hong Kong,2018,33153,Technology,EDP Services
AGRZ,Agroz Inc. Ordinary Shares,$0.4949,0.018,3.774%,10107583.0,Malaysia,2025,1789042,Consumer Staples,Farming/Seeds/Milling
AHG,Akso Health Group ADS,$2.40,0.04,1.695%,1324466825.0,China,2017,176048,Real Estate,Real Estate
AIFU,AIFU Inc. Class A Ordinary Share,$1.62,-0.07,-4.142%,199987558.0,China,2007,7657,Finance,Specialty Insurers
AIHS,Senmiao Technology Limited Common Stock,$1.51,0.0,0.00%,6881808.0,China,2018,26757,Finance,Finance: Consumer Services
AIOS,AIOS Tech Inc. Class A Common Shares,$0.6021,0.0001,0.017%,2889091.0,China,2016,17752,Industrials,Metal Fabrications
AIXI,XIAO-I Corporation American Depositary Shares,$0.1292,0.004,3.195%,1609875.0,China,2023,931659,Technology,Computer Software: Prepackaged Software
AMBO,Ambow Education Holding Ltd. American Depository Shares (each representing twenty (20) Class A Ordinary Shares),$2.03,0.0,0.00%,5806454.0,China,,5515,Real Estate,Other Consumer Services
AMBR,Amber International Holding Limited American Depositary Shares,$2.39,0.13,5.752%,223902191.0,Hong Kong,2017,41184,Finance,Finance: Consumer Services
ANPA,Rich Sparkle Holdings Limited Ordinary Shares,$8.55,0.03,0.352%,129120005.0,Hong Kong,2025,24193,Consumer Discretionary,Other Consumer Services
ANTA,Antalpha Platform Holding Company Class A Ordinary Shares,$7.38,0.0,0.00%,174853418.0,Singapore,2025,177,Finance,Investment Bankers/Brokers/Service
API,Agora Inc. American Depositary Shares,$3.54,0.04,1.143%,331028023.0,China,2020,925238,Technology,Computer Software: Prepackaged Software
APM,Aptorum Group Limited Class A Ordinary Shares,$1.21,0.13,12.037%,8643946.0,Hong Kong,2018,533940,Health Care,Biotechnology: Pharmaceutical Preparations
APWC,Asia Pacific Wire & Cable Corporation Ltd. Ordinary Shares (Bermuda),$1.37,-0.015,-1.083%,28244231.0,Taiwan,,12167,Industrials,Telecommunications Equipment
ARBB,ARB IOT Group Limited Ordinary Shares,$4.41,-0.755,-14.618%,7784779.0,Malaysia,2023,12212,Technology,EDP Services
ASPC,A SPAC III Acquisition Corp. Class A Ordinary Shares,$10.96,0.07,0.643%,0.0,China,2025,1616,Finance,Blank Checks
ASPCR,A SPAC III Acquisition Corp. Right,$0.188,0.0,0.00%,0.0,China,2025,191,Finance,Blank Checks
ASPCU,A SPAC III Acquisition Corp. Unit,$11.07,0.32,2.977%,0.0,China,2024,508,Finance,Blank Checks
ASX,ASE Technology Holding Co. Ltd. American Depositary Shares (each representing Two Common Shares) ,$21.68,0.37,1.736%,47874703232.0,Taiwan,2018,5749807,Technology,Semiconductors
ATAT,Atour Lifestyle Holdings Limited American Depositary Shares,$35.94,-0.94,-2.549%,4966403079.0,China,2022,1372007,Consumer Discretionary,Hotels/Resorts
ATGL,Alpha Technology Group Limited Class A Ordinary Shares,$17.10,-0.2,-1.156%,281508750.0,China,2023,1521,Technology,EDP Services
ATHM,Autohome Inc. American Depositary Shares each representing four class A ordinary shares.,$17.93,-0.09,-0.499%,2123696169.0,China,2013,643600,Technology,EDP Services
ATPC,Agape ATP Corporation Common Stock,$2.08,-0.11,-5.023%,2081123.0,Malaysia,,41163,Health Care,Medical/Nursing Services
ATXG,Addentax Group Corp. Common Stock,$0.36,0.0376,11.663%,4217525.0,China,,524793,Consumer Discretionary,Professional Services
AURE,Aurelion Inc. Class A Ordinary Shares,$1.93,0.14,7.821%,66775746.0,Hong Kong,2023,22555,Finance,Finance: Consumer Services
AXG,Solowin Holdings Class A Ordinary Share,$3.53,0.0,0.00%,667007009.0,Hong Kong,2023,143601,Finance,Investment Bankers/Brokers/Service
AZI,Autozi Internet Technology (Global) Ltd. Class A Ordinary Shares,$2.67,-0.375,-12.315%,121496542.0,China,2024,212038,Consumer Discretionary,Automotive Aftermarket
BABA,Alibaba Group Holding Limited American Depositary Shares each representing eight Ordinary share,$126.06,3.65,2.982%,291107769232.0,China,2014,15557378,Real Estate,Real Estate
BANL,CBL International Limited Class B Ordinary Shares,$0.70,0.0244,3.612%,19250000.0,Malaysia,2023,263272,Energy,Oil Refining/Marketing
BAOS,Baosheng Media Group Holdings Limited Ordinary shares,$2.62,0.03,1.158%,4020356.0,China,2021,1033,Real Estate,Real Estate
BDMD,Baird Medical Investment Holdings Ltd Ordinary Share,$2.26,0.27,13.568%,83655932.0,China,,1448336,Health Care,Medical/Dental Instruments
BEKE,KE Holdings Inc American Depositary Shares (each representing three Class A Ordinary Shares),$15.42,-0.46,-2.897%,17944780146.0,China,2020,5358384,Finance,Real Estate
BGLC,BioNexus Gene Lab Corp Common stock,$2.654,0.219,8.994%,4767930.0,Malaysia,,4138,Health Care,Medical Specialities
BGM,BGM Group Ltd. Class A Ordinary Shares,$0.68,0.08,13.333%,125092753.0,China,2021,6354100,Health Care,Biotechnology: Pharmaceutical Preparations
BIDU,Baidu Inc. ADS,$114.53,0.27,0.236%,38969137035.0,China,2005,1550551,Technology,Computer Software: Programming Data Processing
BILI,Bilibili Inc. American Depositary Shares,$24.26,0.18,0.748%,10140352514.0,China,2018,2685820,Technology,EDP Services
BIYA,Baiya International Group Inc. Ordinary Shares,$1.40,-0.02,-1.408%,2247351.0,China,2025,47349,Consumer Discretionary,Diversified Commercial Services
BLIV,BeLive Holdings Ordinary Share,$2.38,0.16,7.207%,25858229.0,Singapore,2025,7343,Technology,EDP Services
BMGL,Basel Medical Group Ltd Ordinary Shares,$0.6901,-0.0527,-7.095%,12964046.0,Singapore,2025,49408,Health Care,Medical/Nursing Services
BMHL,Bluemount Holdings Limited Class B Ordinary Shares,$3.54,0.035,0.999%,84978220.0,Hong Kong,2025,400,Finance,Finance: Consumer Services
BNR,Burning Rock Biotech Limited American Depositary Shares,$18.57,-0.55,-2.877%,199935688.0,China,2020,11173,Health Care,Medical Specialities
BON,Bon Natural Life Limited Class A Ordinary Shares,$1.42,-0.01,-0.699%,11542910.0,China,2021,10140,Health Care, Medicinal Chemicals and Botanical Products 
BSAAR,BEST SPAC I Acquisition Corp. Rights,$0.145,-0.035,-19.444%,0.0,Hong Kong,2025,100100,Finance,Blank Checks
BTCT,BTC Digital Ltd. Ordinary Shares,$1.29,0.01,0.781%,8299912.0,China,,66474,Real Estate,Other Consumer Services
BTDR,Bitdeer Technologies Group Class A Ordinary Shares,$8.63,0.52,6.412%,2080046734.0,Singapore,,5940176,Finance,Finance: Consumer Services
BTTC,Black Titan Corporation Ordinary Shares,$1.287,-0.006,-0.464%,1712011.0,Malaysia,,20347,Health Care,Biotechnology: Biological Products (No Diagnostic Substances)
BUUU,BUUU Group Limited Class A Ordinary Share,$14.74,-0.32,-2.125%,245789500.0,Hong Kong,2025,10639,Consumer Discretionary,Services-Misc. Amusement & Recreation
BYAH,Park Ha Biological Technology Co. Ltd. Class A Ordinary Shares,$1.09,0.065,6.341%,3510371.0,China,2024,12036,Consumer Discretionary,Package Goods/Cosmetics
BZ,KANZHUN LIMITED American Depository Shares,$13.35,-0.28,-2.054%,5803721635.0,China,2021,4965546,Technology,Computer Software: Programming Data Processing
BZUN,Baozun Inc. American Depositary Shares,$2.15,-0.01,-0.463%,124157445.0,China,2015,222545,Consumer Discretionary,Catalog/Specialty Distribution
CAAS,China Automotive Systems Inc. Ordinary Share,$4.22,0.08,1.932%,127320362.0,China,,22483,Consumer Discretionary,Auto Parts:O.E.M.
CAN,Canaan Inc. American Depositary Shares,$0.448,0.0098,2.236%,296850574.0,China,2019,9030233,Technology,Semiconductors
CANG,Cango Inc. Class A Ordinary Shares,$0.4429,0.0221,5.252%,45967756.0,China,2025,1830422,Technology,Computer Software: Prepackaged Software
CBAT,CBAK Energy Technology Inc. Common Stock,$0.8452,0.0121,1.452%,74923461.0,China,,95164,Miscellaneous,Industrial Machinery/Components
CCG,Cheche Group Inc. Class A Ordinary Shares,$0.7695,0.0045,0.588%,62156166.0,China,,46538,Finance,Specialty Insurers
CCGWW,Cheche Group Inc. Warrant,$0.0208,0.0,0.00%,1680115.0,China,,800,Finance,Specialty Insurers
CCHH,CCH Holdings Ltd Ordinary Shares,$0.6857,0.0056,0.823%,13199725.0,Malaysia,2025,74767,Consumer Discretionary,Restaurants
CCM,Concord Medical Services Holdings Limited American Depositary Shares (Each represents thirty (30) Class A ordinary shares),$3.70,0.05,1.37%,16064375.0,China,2024,663,Health Care,Medical/Nursing Services
CCTG,CCSC Technology International Holdings Limited Class A Ordinary Shares,$0.4575,0.0454,11.017%,1790424.0,Hong Kong,2024,63412,Consumer Discretionary,Building Products
CD,Chaince Digital Holdings Inc. Ordinary Shares,$3.64,-0.37,-9.227%,231819089.0,China,2015,429680,Finance,Finance: Consumer Services
CDTG,CDT Environmental Technology Investment Holdings Limited ordinary shares,$0.369,-0.016,-4.156%,4990725.0,China,2024,101700,Industrials,Miscellaneous
CGTL,Creative Global Technology Holdings Limited Class A Ordinary Shares,$1.16,0.06,5.455%,29841000.0,China,2024,137315,Technology,Retail: Computer Software & Peripheral Equipment
CHA,Chagee Holdings Limited American Depositary Shares,$10.16,-0.42,-3.97%,1887245298.0,China,2025,620943,Consumer Discretionary,Restaurants
CHNR,China Natural Resources Inc. Common Stock,$4.62,0.07,1.538%,5697481.0,Hong Kong,,141019,Basic Materials,Precious Metals
CHR,Cheer Holding Inc. Class A Ordinary Share,$0.9015,0.0213,2.42%,4675403.0,China,2018,38101,Technology,EDP Services
CHSN,Chanson International Holding Class A Ordinary Shares,$2.66,0.08,3.101%,103683555.0,China,2023,24581,Consumer Staples,Packaged Foods
CHT,Chunghwa Telecom Co. Ltd.,$42.23,0.48,1.15%,32759696781.0,Taiwan,,572699,Telecommunications,Telecommunications Equipment
CIGL,Concorde International Group Ltd Class A Ordinary Shares,$2.00,0.08,4.167%,53970936.0,Singapore,2025,24452,Consumer Discretionary,Diversified Commercial Services
CIIT,Tianci International Inc. Common Stock,$1.63,-0.09,-5.233%,5898691.0,Hong Kong,,84970,Energy,Oil & Gas Production
CLIK,Click Holdings Limited Class A Ordinary Share,$1.75,-0.18,-9.326%,5710308.0,Hong Kong,2024,34184,Consumer Discretionary,Diversified Commercial Services
CLPS,CLPS Incorporation Common Stock,$0.9651,-0.0349,-3.49%,28705406.0,China,2018,10799,Technology,Computer Software: Prepackaged Software
CLWT,Euro Tech Holdings Company Limited Common Stock,$1.15,-0.02,-1.709%,8677805.0,Hong Kong,1997,2140,Consumer Discretionary,Professional and commerical equipment
CMCM,Cheetah Mobile Inc. American Depositary Shares each representing fifty (50) Class A Ordinary Shares,$7.05,0.28,4.136%,5409233182.0,China,2022,72628,Technology,Computer Software: Prepackaged Software
CNET,ZW Data Action Technologies Inc. Common Stock,$0.681,-0.009,-1.304%,2225827.0,China,,10046,Technology,Computer Software: Programming Data Processing
CNEY,CN Energy Group Inc. Class A Ordinary Shares,$0.4162,-0.0507,-10.859%,3414216.0,China,2021,421289,Industrials,Major Chemicals
CNTB,Connect Biopharma Holdings Limited Ordinary Shares,$2.95,0.19,6.884%,164915363.0,China,2021,222935,Health Care,Biotechnology: Pharmaceutical Preparations
COE,51Talk Online Education Group American depositary shares each representing 60 Class A ordinary shares,$16.63,-0.83,-4.754%,97443069.0,China,2016,1749,Real Estate,Other Consumer Services
COLAR,Columbus Acquisition Corp Rights,$0.2851,0.0,0.00%,0.0,Singapore,2025,88,Finance,Blank Checks
CPHI,China Pharma Holdings Inc. Common Stock,$0.627,0.087,16.111%,3148795.0,China,,63415,Health Care,Biotechnology: Pharmaceutical Preparations
CPOP,Pop Culture Group Co. Ltd Class A Ordinary Shares,$0.314,0.0014,0.448%,25728859.0,China,2021,4670,Consumer Discretionary,Services-Misc. Amusement & Recreation
CPRI,Capri Holdings Limited Ordinary Shares,$18.29,0.2,1.106%,2179470511.0,Hong Kong,2011,3132207,Consumer Discretionary,Apparel
CRE,Cre8 Enterprise Limited Class A Ordinary Shares,$2.69,-0.13,-4.61%,5417547.0,Hong Kong,2025,11021,Consumer Discretionary,Publishing
CREG,Smart Powerr Corp. Common Stock,$0.2365,-0.0503,-17.538%,4921358.0,China,,1316601,Real Estate,Real Estate
CTW,CTW Cayman Class A Ordinary Shares,$2.245,0.245,12.25%,140088000.0,Japan,2025,66400,Technology,EDP Services
CUPR,Cuprina Holdings (Cayman) Limited Class A Ordinary Shares,$0.3349,0.0059,1.793%,7032900.0,Singapore,2025,94091,Health Care,Biotechnology: Pharmaceutical Preparations
CURR,Currenc Group Inc. Ordinary Shares,$2.43,-0.22,-8.302%,186165809.0,Singapore,,143322,Real Estate,Real Estate
CYD,China Yuchai International Limited Common Stock,$40.80,0.99,2.487%,1530747538.0,Singapore,1994,254761,Industrials,Industrial Machinery/Components
DAO,Youdao Inc. American Depositary Shares each representing one Class A Ordinary Share,$10.15,-0.1,-0.976%,1213627877.0,China,2019,53389,Real Estate,Other Consumer Services
DDI,DoubleDown Interactive Co. Ltd. American Depository Shares,$8.50,0.145,1.735%,421204240.0,South Korea,2021,11849,Technology,EDP Services
DGNX,Diginex Limited Ordinary Shares,$0.5604,0.0104,1.891%,113172838.0,Hong Kong,2025,1276186,Technology,EDP Services
DKI,DarkIris Inc. Class A Ordinary Shares,$0.3946,0.0145,3.815%,7941325.0,Hong Kong,2025,30267,Technology,Computer Software: Prepackaged Software
DLXY,Delixy Holdings Limited Class A Ordinary Shares,$0.62,-0.0927,-13.007%,10137000.0,Singapore,2025,122226,Energy,Oil Refining/Marketing
DOGZ,Dogness (International) Corporation Class A Common Stock,$1.52,0.03,2.013%,22056200.0,China,2017,78329,Consumer Discretionary,Miscellaneous manufacturing industries
DOYU,DouYu International Holdings Limited ADS,$4.75,-0.1,-2.062%,143349580.0,China,2019,19954,Technology,Computer Software: Programming Data Processing
DQ,DAQO New Energy Corp. American Depositary Shares each representing five ordinary shares,$21.25,0.51,2.459%,1424955194.0,China,2010,520908,Technology,Semiconductors
DSWL,Deswell Industries Inc. Common Shares,$3.20,0.03,0.946%,50992765.0,Macau,1995,5572,Industrials,Plastic Products
DSY,Big Tree Cloud Holdings Limited Class A Ordinary Shares,$2.90,0.03,1.045%,13780429.0,China,,28904,Consumer Discretionary,Containers/Packaging
DSYWW,Big Tree Cloud Holdings Limited Warrants,$0.0219,0.0,0.00%,104066.0,China,,14598,Consumer Discretionary,Containers/Packaging
DTCK,Davis Commodities Limited Class A Ordinary Shares,$1.01,-0.34,-25.185%,1382219.0,Singapore,2023,466642,Industrials,Farming/Seeds/Milling
DTSS,Datasea Inc. Common Stock,$0.9216,0.0816,9.714%,9628096.0,China,,81299,Technology,Computer Software: Prepackaged Software
DUO,Fangdd Network Group Ltd. Class A Ordinary Shares,$1.06,0.02,1.923%,4131678.0,China,2019,25248,Finance,Real Estate
DXST,Decent Holding Inc Class A Ordinary Shares,$3.27,0.06,1.869%,5935387.0,China,2025,81169,Industrials,Miscellaneous
EBON,Ebang International Holdings Inc. Class A Ordinary Shares,$2.3399,0.0099,0.425%,15312161.0,China,2020,6040,Technology,Semiconductors
ECX,ECARX Holdings Inc. Class A Ordinary shares,$0.935,-0.065,-6.50%,323257574.0,China,,2772668,Technology,EDP Services
ECXWW,ECARX Holdings Inc. Warrants,$0.059,0.0,0.00%,20398072.0,China,,10,Technology,EDP Services
EDHL,Everbright Digital Holding Limited Ordinary Shares,$2.97,0.14,4.947%,4948763.0,Hong Kong,2025,16990,Consumer Discretionary,Advertising
EDTK,Skillful Craftsman Education Technology Limited Ordinary Share,$1.00,-0.03,-2.913%,15929451.0,China,2020,908,Real Estate,Other Consumer Services
EDU,New Oriental Education & Technology Group Inc. Sponsored ADR representing 10 Ordinary Share (Cayman Islands),$55.04,0.06,0.109%,21898454815.0,China,2006,1215535,Real Estate,Other Consumer Services
EH,EHang Holdings Limited ADS,$10.23,0.28,2.814%,736405097.0,China,2019,760419,Industrials,Aerospace
EHGO,Eshallgo Inc. Class A Ordinary Shares,$0.2015,0.0,0.00%,5983374.0,China,2024,530416,Consumer Discretionary,Diversified Commercial Services
EJH,E-Home Household Service Holdings Limited Ordinary Shares,$0.1023,-0.0004,-0.389%,8184395.0,China,2021,2686392,Consumer Discretionary,Other Consumer Services
ELOG,Eastern International Ltd. Ordinary Shares,$1.02,-0.03,-2.857%,12257340.0,China,2025,61102,Industrials,Integrated Freight & Logistics
ELPW,Elong Power Holding Limited Class A Ordinary Shares,$2.57,0.33,14.732%,3642358.0,China,,673171,Miscellaneous,Industrial Machinery/Components
EM,Smart Share Global Limited American Depositary Shares,$1.11,-0.01,-0.893%,281461874.0,China,2021,57205,Consumer Discretionary,Other Consumer Services
EPOW,E-Power Inc. Class A Ordinary Shares,$0.706,-0.033,-4.465%,19052787.0,China,2021,150024,Real Estate,Real Estate
EPSM,Epsium Enterprise Limited Class A Ordinary Shares,$1.64,0.06,3.797%,22038376.0,Macau,2025,22724,Consumer Staples,Beverages (Production/Distribution)
EUDA,EUDA Health Holdings Limited Ordinary Shares,$7.10,-0.222,-3.032%,357183186.0,Singapore,2021,23283,Health Care,Medical/Nursing Services
EUDAW,EUDA Health Holdings Limited Warrant,$0.0298,0.0063,26.809%,1499163.0,Singapore,2021,5681,Health Care,Medical/Nursing Services
EZGO,EZGO Technologies Ltd. Ordinary Shares,$1.2351,0.0051,0.415%,1092749.0,China,2021,3855,Consumer Discretionary,Motor Vehicles
FAMI,Farmmi Inc. Class A Ordinary Shares,$1.2201,-0.0399,-3.167%,16855935.0,China,2018,8224,Consumer Staples,Packaged Foods
FBGL,FBS Global Limited Ordinary Shares,$0.7412,0.0334,4.719%,10006200.0,Singapore,2025,910587,Consumer Discretionary,Miscellaneous manufacturing industries
FCHL,Fitness Champs Holdings Limited Common Stock,$2.4696,-0.0219,-0.879%,37044000.0,Singapore,2025,126616,Consumer Discretionary,Services-Misc. Amusement & Recreation
FEBO,Fenbo Holdings Limited Class A Ordinary Shares,$1.17,-0.0001,-0.009%,12943125.0,Hong Kong,2023,251,Consumer Discretionary,Home Furnishings
FENG,Phoenix New Media Limited American Depositary Shares each representing 48 Class A ordinary shares.,$1.78,-0.01,-0.559%,21379181.0,China,2011,60701,Industrials,Broadcasting
FGL,Founder Group Limited Class A Ordinary Shares,$4.60,0.45,10.843%,2039967.0,Malaysia,2024,40187,Consumer Discretionary,Engineering & Construction
FLEX,Flex Ltd. Ordinary Shares,$65.04,3.4,5.516%,23913512017.0,Singapore,1994,2763207,Technology,Electrical Products
FLX,BingEx Limited American Depositary Shares,$2.75,0.16,6.178%,195607253.0,China,2024,153058,Industrials,Trucking Freight/Courier Services
FOFO,Hang Feng Technology Innovation Co. Ltd. Ordinary Shares,$4.29,0.06,1.418%,28592850.0,Hong Kong,2025,24980,Consumer Discretionary,Professional Services
FRHC,Freedom Holding Corp. Common Stock,$140.97,2.21,1.593%,8626029719.0,Kazakhstan,,82802,Finance,Investment Bankers/Brokers/Service
FTFT,Future FinTech Group Inc. Common Stock,$1.25,0.03,2.459%,6550680.0,China,,5857,Real Estate,Real Estate
FTRK,FAST TRACK GROUP Ordinary shares,$0.5331,-0.0013,-0.243%,11628244.0,Singapore,2025,12598,Consumer Discretionary,Package Goods/Cosmetics
FUFU,BitFuFu Inc. Class A Ordinary Shares,$2.01,0.45,28.846%,334629427.0,Singapore,,1105271,Finance,Finance: Consumer Services
FUFUW,BitFuFu Inc. Warrant,$0.144,-0.016,-10.00%,23973451.0,Singapore,,11572,Finance,Finance: Consumer Services
FUTU,Futu Holdings Limited American Depositary Shares,$140.04,5.02,3.718%,19497419520.0,Hong Kong,2019,3513983,Finance,Investment Bankers/Brokers/Service
FVNNR,Future Vision II Acquisition Corporation Right,$0.13,-0.0001,-0.077%,0.0,China,2024,12193,Finance,Blank Checks
GCL,GCL Global Holdings Ltd Ordinary Shares,$0.6004,0.029,5.075%,75841462.0,Singapore,,33743,Technology,Computer Software: Prepackaged Software
GCLWW,GCL Global Holdings Ltd Warrants,$0.0289,0.0039,15.60%,3650597.0,Singapore,,1776,Technology,Computer Software: Prepackaged Software
GDHG,Golden Heaven Group Holdings Ltd. Class A Ordinary Shares,$1.76,0.07,4.142%,35256487.0,China,2023,1255,Consumer Discretionary,Services-Misc. Amusement & Recreation
GDS,GDS Holdings Limited ADS,$42.30,0.92,2.223%,8475953995.0,China,2016,1116473,Technology,Computer Software: Programming Data Processing
GDTC,CytoMed Therapeutics Limited Ordinary Shares,$1.03,-0.07,-6.364%,11886200.0,Singapore,2023,20176,Health Care,Biotechnology: Pharmaceutical Preparations
GFAI,Guardforce AI Co. Limited Ordinary Shares,$0.5145,0.0395,8.316%,10816605.0,Singapore,,174940,Consumer Discretionary,Diversified Commercial Services
GGR,Gogoro Inc. Ordinary Shares,$3.37,0.045,1.353%,49720198.0,Taiwan,,5323,Industrials,Auto Manufacturing
GGROW,Gogoro Inc. Warrant,$0.0081,0.0003,3.846%,119506.0,Taiwan,,12914,Industrials,Auto Manufacturing
GIBO,GIBO Holdings Limited Class A Ordinary Shares,$1.35,-0.05,-3.571%,5069704.0,Hong Kong,,103308,Technology,Computer Software: Prepackaged Software
GIGM,GigaMedia Limited Ordinary Shares,$1.5287,0.0187,1.238%,16895552.0,Taiwan,,13231,Technology,Computer Software: Programming Data Processing
GITS,Global Interactive Technologies Inc. Common Stock,$2.49,-0.07,-2.734%,18725701.0,South Korea,2023,29571,Technology,Computer Software: Programming Data Processing
GLE,Global Engine Group Holding Limited Class A Ordinary Shares,$0.4202,-0.0098,-2.279%,7689660.0,Hong Kong,2024,40513,Technology,EDP Services
GLXG,Galaxy Payroll Group Limited Class A Ordinary Shares,$2.20,-0.215,-8.903%,13115333.0,Hong Kong,2024,21140,Industrials,Diversified Commercial Services
GMHS,Gamehaus Holdings Inc. Class A Ordinary Shares,$1.02,-0.065,-5.991%,54640745.0,China,,11013,Technology,EDP Services
GMM,Global Mofy AI Limited Class A Ordinary Shares,$1.105,-0.025,-2.212%,54772700.0,China,2023,152099,Technology,Computer Software: Programming Data Processing
GNS,Genius Group Limited Ordinary Shares,$0.3445,-0.0015,-0.434%,55064592.0,Singapore,2022,931683,Consumer Discretionary,Services-Misc. Amusement & Recreation
GOTU,Gaotu Techedu Inc. American Depositary Shares,$2.01,0.05,2.551%,486524458.0,China,2019,347141,Real Estate,Other Consumer Services
GRAB,Grab Holdings Limited Class A Ordinary Shares,$3.64,0.08,2.247%,14925753690.0,Singapore,,38225507,Real Estate,Real Estate
GRABW,Grab Holdings Limited Warrant,$0.0907,-0.0044,-4.627%,371913698.0,Singapore,,63073,Real Estate,Real Estate
GRAN,Grande Group Limited Class A Ordinary Shares,$1.72,-0.11,-6.011%,39130000.0,Hong Kong,2025,5882,Finance,Finance: Consumer Services
GRND,Grindr Inc. Common Stock,$12.64,0.09,0.717%,2340267092.0,Singapore,2021,1292989,Technology,Computer Software: Programming Data Processing
GRNQ,Greenpro Capital Corp. Common Stock,$2.275,-0.005,-0.219%,19623725.0,China,,24873,Technology,EDP Services
GRRR,Gorilla Technology Group Inc. Ordinary shares,$10.96,0.58,5.588%,221635772.0,Taiwan,,502267,Technology,Computer Software: Prepackaged Software
GRRRW,Gorilla Technology Group Inc. Warrant,$0.23,0.02,9.524%,4651116.0,Taiwan,,200,Technology,Computer Software: Prepackaged Software
GRVY,GRAVITY Co. Ltd. American Depository Shares,$62.40,1.4,2.295%,433611360.0,South Korea,2005,28788,Real Estate,Real Estate
GSIW,Garden Stage Limited Class A Ordinary Shares,$17.39,0.97,5.907%,23138334.0,Hong Kong,2023,13639,Finance,Investment Bankers/Brokers/Service
GSUN,Golden Sun Technology Group Limited Class A Ordinary Shares,$0.3727,0.0427,12.939%,3737760.0,China,2022,360902,Real Estate,Other Consumer Services
GTEC,Greenland Technologies Holding Corporation Class A Ordinary Shares,$0.7176,0.0059,0.829%,12482097.0,China,2018,113528,Industrials,Industrial Machinery/Components
GURE,Gulf Resources Inc. (NV) Common Stock,$4.96,0.07,1.431%,7636074.0,China,,8483,Industrials,Major Chemicals
HAO,Haoxi Health Technology Limited Class A Ordinary Shares,$1.26,0.095,8.155%,74899223.0,China,2024,28522,Consumer Discretionary,Advertising
HAVAU,Harvard Ave Acquisition Corporation Unit,$10.12,0.0,0.00%,0.0,South Korea,2025,15,Finance,Blank Checks
HBNB,Hotel101 Global Holdings Corp. Class A Ordinary Shares,$7.91,-0.08,-1.001%,1852145468.0,Singapore,,5025,Consumer Discretionary,Hotels/Resorts
HCAI,Huachen AI Parking Management Technology Holding Co. Ltd. Class A Ordinary Shares,$0.16,0.0073,4.781%,5583600.0,China,2025,207470,Consumer Discretionary,Miscellaneous manufacturing industries
HCHL,Happy City Holdings Limited Class A Ordinary shares,$1.44,0.08,5.882%,27665280.0,Hong Kong,2025,143494,Consumer Discretionary,Restaurants
HCM,HUTCHMED (China) Limited American Depositary Shares,$14.00,0.06,0.43%,2442517336.0,Hong Kong,2016,24859,Health Care,Biotechnology: Pharmaceutical Preparations
HDB,HDFC Bank Limited Common Stock,$25.40,0.01,0.039%,129997873278.0,India,2001,19044447,Finance,Commercial Banks
HDL,SUPER HI INTERNATIONAL HOLDING LTD. American Depositary Shares,$15.00,-0.15,-0.99%,975448500.0,Singapore,2024,2222,Consumer Discretionary,Restaurants
HERE,Here Group Limited American Depositary Shares,$3.08,-0.11,-3.448%,167504614.0,China,2023,1074663,Real Estate,Other Consumer Services
HIHO,Highway Holdings Limited Common Stock,$0.8476,0.0456,5.686%,3900507.0,Hong Kong,,112254,Industrials,Metal Fabrications
HIMX,Himax Technologies Inc. American Depositary Shares,$8.68,0.09,1.048%,1518248434.0,Taiwan,2006,2720653,Technology,Semiconductors
HKIT,Hitek Global Inc. Class A Ordinary Share,$0.1138,-1.0762,-90.437%,3334268.0,China,2023,126061756,Technology,Computer Software: Prepackaged Software
HKPD,Cellyan Biotechnology Co. Ltd Class A Ordinary Shares,$0.631,-0.004,-0.63%,6941000.0,Hong Kong,2025,10991,Health Care,Other Pharmaceuticals
HLP,Hongli Group Inc. Ordinary Shares,$0.9994,0.0228,2.335%,73394687.0,China,2023,323520,Industrials,Industrial Machinery/Components
HMC,Honda Motor Company Ltd. Common Stock,$24.74,0.62,2.57%,35844215604.0,Japan,,1383510,Industrials,Auto Manufacturing
HPAI,Helport AI Limited Ordinary Shares,$2.23,-0.08,-3.463%,83471059.0,Singapore,,6317,Technology,Computer Software: Prepackaged Software
HPAIW,Helport AI Limited Warrants,$0.1275,0.0025,2.00%,4772448.0,Singapore,,1501,Technology,Computer Software: Prepackaged Software
HQ,Horizon Quantum Holdings Ltd. Class A Ordinary Shares,$11.33,1.48,15.025%,0.0,Singapore,,77564,Technology,EDP Services
HQWWW,Horizon Quantum Holdings Ltd. Warrant,$2.60,0.355,15.813%,0.0,Singapore,,21636,Technology,EDP Services
HSAI,Hesai Group American Depositary Share each ADS represents one Class B ordinary share,$23.58,0.73,3.195%,3123587517.0,China,2023,2210359,Industrials,Industrial Machinery/Components
HTCO,High-Trend International Group Class A Ordinary Shares,$8.68,0.67,8.365%,64104612.0,Singapore,,368413,Consumer Discretionary,Marine Transportation
HTCR,Heartcore Enterprises Inc. Common Stock,$0.236,0.0108,4.796%,5999074.0,Japan,2022,104533,Technology,EDP Services
HTHT,H World Group Limited American Depositary Shares,$49.75,-0.38,-0.758%,15270218882.0,China,2010,2214467,Consumer Discretionary,Hotels/Resorts
HTLM,HomesToLife Ltd Ordinary Shares,$1.95,-0.03,-1.515%,174890625.0,Singapore,2024,7374,Consumer Discretionary,Other Specialty Stores
HTT,High Templar Tech Limited American depositary shares each representing one Class A ordinary share,$2.47,0.03,1.23%,407862435.0,China,2017,69786,Finance,Finance: Consumer Services
HUDI,Huadi International Group Co. Ltd. Ordinary Shares,$1.20,-0.02,-1.639%,17159018.0,China,2021,3334,Industrials,Steel/Iron Ore
HUHU,HUHUTECH International Group Inc. Ordinary Shares,$6.4998,0.4998,8.33%,156669548.0,China,2024,43015,Telecommunications,Metal Fabrications
HUIZ,Huize Holding Limited American Depositary Shares,$1.72,0.045,2.687%,17352351.0,China,2020,2634,Finance,Specialty Insurers
HXHX,Haoxin Holdings Limited Class A Ordinary Shares,$0.4576,0.0077,1.711%,6292000.0,China,2025,25225,Industrials,Trucking Freight/Courier Services
IBN,ICICI Bank Limited Common Stock,$26.45,0.37,1.419%,94367510046.0,India,,7862308,Finance,Commercial Banks
ICG,Intchains Group Limited American Depositary Shares,$1.08,-0.01,-0.917%,129544377.0,China,2023,11647,Technology,Semiconductors
IFBD,Infobird Co. Ltd Ordinary Shares,$0.94,-0.05,-5.051%,7697260.0,China,2021,1831,Technology,Computer Software: Prepackaged Software
ILAG,Intelligent Living Application Group Inc. Ordinary Shares,$2.39,0.04,1.702%,4965101.0,Hong Kong,2022,66932,Consumer Discretionary,Office Equipment/Supplies/Services
IMOS,ChipMOS TECHNOLOGIES INC. American Depositary Shares,$39.05,0.82,2.145%,1375581392.0,Taiwan,,110116,Technology,Semiconductors
INEO,INNEOVA Holdings Limited Class A Ordinary Shares,$0.4759,0.0009,0.189%,7695600.0,Singapore,2024,20280,Consumer Discretionary,Motor Vehicles
INFY,Infosys Limited American Depositary Shares,$13.30,0.18,1.372%,55251037076.0,India,,15981266,Technology,EDP Services
INLF,INLIF LIMITED Class A Ordinary Shares,$0.3251,0.0131,4.199%,71814590.0,China,2025,89468,Industrials,Industrial Machinery/Components
INTJ,Intelligent Group Limited Class A Ordinary Shares ,$8.01,0.02,0.25%,12315375.0,Hong Kong,2024,1438,Consumer Discretionary,Professional Services
IOTR,iOThree Limited Ordinary Shares,$1.67,0.11,7.051%,4283552.0,Singapore,2025,19972,Consumer Discretionary,Telecommunications Equipment
IQ,iQIYI Inc. American Depositary Shares,$1.25,0.02,1.626%,1206280919.0,China,2018,4674748,Consumer Discretionary,Consumer Electronics/Video Chains
ITOC,iTonic Holdings Ltd Class A Ordinary Shares,$0.2933,0.0203,7.436%,7249789.0,China,2024,5647,Health Care,Biotechnology: Electromedical & Electrotherapeutic Apparatus
ITP,IT Tech Packaging Inc. Common Stock,$0.1815,0.0053,3.008%,3079224.0,China,,190667,Consumer Discretionary,Containers/Packaging
IX,ORIX Corporation American Depositary Shares,$29.81,0.33,1.119%,34667904494.0,Japan,,725769,Finance,Diversified Financial Services
IZM,ICZOOM Group Inc. Class A Ordinary Shares,$0.3888,-0.0392,-9.159%,4672641.0,China,2023,48448,Consumer Discretionary,Consumer Electronics/Video Chains
JCSE,JE Cleantech Holdings Limited Ordinary Shares,$1.00,0.015,1.523%,5260260.0,Singapore,2022,6099,Consumer Discretionary,Miscellaneous manufacturing industries
JD,JD.com Inc. American Depositary Shares,$27.54,0.27,0.99%,40023729786.0,China,2014,9629631,Consumer Discretionary,Other Specialty Stores
JDZG,JIADE LIMITED Class A Ordinary Shares,$2.06,-0.26,-11.207%,48140523.0,China,2024,168958,Real Estate,Other Consumer Services
JEM,707 Cayman Holdings Limited Ordinary Shares,$0.0906,-0.0024,-2.581%,1747163.0,China,2025,1509021,Consumer Discretionary,Clothing/Shoe/Accessory Stores
JF,J and Friends Holdings Limited American Depositary Shares,$1.00,0.04,4.167%,15947960.0,China,2018,23695,Technology,Computer Software: Programming Data Processing
JFIN,Jiayin Group Inc. American Depositary Shares,$5.25,-0.14,-2.597%,280190117.0,China,2019,69653,Finance,Finance: Consumer Services
JFU,9F Inc. American Depositary Shares,$3.95,-0.25,-5.952%,46504665.0,China,2019,4724,Finance,Finance: Consumer Services
JG,Aurora Mobile Limited American Depositary Shares,$7.0121,-0.7679,-9.87%,42606578.0,China,2018,3461,Technology,Computer Software: Programming Data Processing
JKS,JinkoSolar Holding Company Limited American Depositary Shares (each representing 4 Common Shares),$23.91,0.51,2.179%,1261750426.0,China,2010,750936,Technology,Semiconductors
JL,J-Long Group Limited Class A Ordinary Shares,$5.18,0.2,4.016%,19485611.0,Hong Kong,2024,15488,Consumer Discretionary,Clothing/Shoe/Accessory Stores
JLHL,Julong Holding Limited Class A Ordinary Shares,$5.15,0.2,4.04%,110460455.0,China,2025,17342,Consumer Discretionary,Military/Government/Technical
JOYY,JOYY Inc. American Depositary Shares,$58.10,-0.66,-1.123%,3005047735.0,Singapore,2012,413275,Technology,EDP Services
JWEL,Jowell Global Ltd. Ordinary Shares,$2.4972,0.0472,1.927%,5420110.0,China,2021,949,Consumer Discretionary,Other Consumer Services
JXG,JX Luxventure Group Inc. Common Stock,$3.70,-0.15,-3.896%,6906501.0,China,2013,3275,Consumer Staples,Apparel
JYD,Jayud Global Logistics Limited Class A Ordinary Shares,$2.94,0.01,0.341%,9625266.0,China,2023,41290,Industrials,Integrated Freight & Logistics
JZ,Jianzhi Education Technology Group Company Limited American Depositary Shs,$1.71,0.59,52.679%,4819635.0,China,2022,895401,Real Estate,Other Consumer Services
JZXN,Jiuzi Holdings Inc. Ordinary Shares,$1.10,0.0,0.00%,1461725.0,China,2021,202341,Consumer Discretionary,Retail-Auto Dealers and Gas Stations
KARO,Karooooo Ltd. Ordinary Shares,$46.28,0.59,1.291%,1429741924.0,Singapore,2021,18540,Technology,Computer Software: Prepackaged Software
KB,KB Financial Group Inc,$102.58,2.19,2.181%,38323961755.0,South Korea,,227517,Finance,Commercial Banks
KBSX,FST Corp. Ordinary Shares,$1.53,0.07,4.795%,68491985.0,Taiwan,,10290,Consumer Discretionary,Recreational Games/Products/Toys
KC,Kingsoft Cloud Holdings Limited American Depositary Shares,$13.70,0.43,3.24%,3728943446.0,China,2020,1464558,Technology,Computer Software: Prepackaged Software
KEN,Kenon Holdings Ltd. Ordinary Shares,$80.42,-3.6,-4.285%,4193922462.0,Singapore,2015,29817,Utilities,Electric Utilities: Central
KEP,Korea Electric Power Corporation Common Stock,$16.14,0.15,0.938%,20722600406.0,South Korea,1994,704459,Utilities,Electric Utilities: Central
KLIC,Kulicke and Soffa Industries Inc. Common Stock,$65.30,1.41,2.207%,3416921495.0,Singapore,,508826,Technology,Semiconductors
KMRK,K-Tech Solutions Company Limited Class A Ordinary Shares,$1.88,0.03,1.622%,39668000.0,Hong Kong,2025,13910,Consumer Discretionary,Recreational Games/Products/Toys
KNDI,Kandi Technologies Group Inc. Ordinary Shares,$0.92,-0.0364,-3.806%,80369575.0,China,,181699,Industrials,Auto Manufacturing
KRKR,36Kr Holdings Inc. American Depositary Shares,$4.02,-0.28,-6.512%,165062868.0,China,2019,6086,Real Estate,Real Estate
KT,KT Corporation Common Stock,$21.26,-0.38,-1.756%,10452816864.0,South Korea,,2499917,Telecommunications,Telecommunications Equipment
KXIN,Kaixin Holdings Ordinary Shares,$5.60,0.82,17.155%,9261073.0,China,2017,45408,Consumer Discretionary,Retail-Auto Dealers and Gas Stations
LBGJ,Li Bang International Corporation Inc. Class A Ordinary Shares,$0.0261,-0.0043,-14.145%,3621323.0,China,2024,133754284,Industrials,Industrial Machinery/Components
LEDS,SemiLEDS Corporation Common Stock,$1.24,0.13,11.712%,10200430.0,Taiwan,2010,17023,Technology,Semiconductors
LFS,LEIFRAS Co. Ltd. American Depositary Shares  ,$2.41,-0.19,-7.308%,63047092.0,Japan,2025,11250,Consumer Discretionary,Other Consumer Services
LGCB,Linkage Global Inc. Class A Ordinary Shares,$1.44,-0.04,-2.703%,16074032.0,Japan,2023,13031,Consumer Discretionary,Catalog/Specialty Distribution
LGCL,Lucas GC Limited Ordinary Shares,$1.64,-0.1088,-6.221%,70176299.0,China,2024,4762,Technology,Computer Software: Programming Data Processing
LGHL,Lion Group Holding Ltd. American Depositary Share,$0.8918,-0.1282,-12.569%,850507.0,China,,114677,Finance,Investment Bankers/Brokers/Service
LHSW,Lianhe Sowell International Group Ltd Class A Ordinary Shares,$0.1649,-0.0017,-1.02%,8574800.0,China,2025,469945,Technology,Computer Software: Prepackaged Software
LI,Li Auto Inc. American Depositary Shares,$17.13,0.43,2.575%,18128014287.0,China,2020,2478610,Industrials,Auto Manufacturing
LICN,Lichen International Limited Class A Ordinary Shares,$4.40,1.45,49.153%,71838030.0,China,2023,165434,Consumer Discretionary,Professional Services
LITB,LightInTheBox Holding Co. Ltd. American Depositary Shares each representing twelve ordinary shares,$2.185,-0.225,-9.336%,241080625.0,China,,11356,Consumer Discretionary,Catalog/Specialty Distribution
LNKS,Linkers Industries Limited Class A Ordinary Shares,$0.0956,-0.5974,-86.205%,1284386.0,Malaysia,2024,93704753,Technology,Electrical Products
LOBO,LOBO TECHNOLOGIES LTD. Class A Ordinary Shares,$0.5199,0.0039,0.756%,6534370.0,China,2024,13890,Consumer Discretionary,Motor Vehicles
LOT,Lotus Technology Inc. American Depositary Shares,$1.07,-0.01,-0.926%,725721442.0,China,,41890,Industrials,Auto Manufacturing
LPL,LG Display Co Ltd AMERICAN DEPOSITORY SHARES,$4.29,0.27,6.716%,4290000000.0,South Korea,2004,3226440,Technology,Industrial Machinery/Components
LRE,Lead Real Estate Co. Ltd American Depositary Shares,$1.3574,0.0074,0.548%,18517515.0,Japan,2023,17439,Consumer Discretionary,Homebuilding
LSE,Leishen Energy Holding Co. Ltd. Class A Ordinary Shares,$4.64,0.0237,0.513%,78996000.0,China,2024,1523,Consumer Discretionary,Oil and Gas Field Machinery
LU,Lufax Holding Ltd American Depositary Shares each representing two (2) Ordinary Shares,$1.88,-0.17,-8.293%,1629375117.0,China,,4516583,Finance,Finance: Consumer Services
LX,LexinFintech Holdings Ltd. American Depositary Shares,$2.40,0.03,1.266%,403832402.0,China,2017,2266787,Finance,Finance: Consumer Services
LXEH,Lixiang Education Holding Co. Ltd. American Depositary Shares,$0.2206,0.0072,3.374%,4228167.0,China,2020,264891,Real Estate,Other Consumer Services
LZMH,LZ Technology Holdings Limited Class B Ordinary Shares,$1.26,-0.01,-0.787%,191608200.0,China,2025,117945,Technology,EDP Services
MAAS,Maase Inc. Class A Ordinary Shares,$5.57,-0.05,-0.89%,1781364114.0,China,2019,3067,Finance,Investment Managers
MASK,3 E Network Technology Group Ltd Class A Ordinary Shares,$2.09,0.1,5.025%,2409360.0,China,2025,378521,Technology,EDP Services
MATH,Metalpha Technology Holding Limited Ordinary Shares,$1.01,0.0,0.00%,43841142.0,China,2017,24489,Finance,Finance/Investors Services
MAXN,Maxeon Solar Technologies Ltd. Ordinary Shares,$1.76,-0.25,-12.438%,29738243.0,Singapore,,499504,Technology,Semiconductors
MB,MasterBeef Group Ordinary Shares,$5.65,0.0,0.00%,96050000.0,Hong Kong,2025,1176,Consumer Discretionary,Restaurants
MEGL,Magic Empire Global Limited Class A Ordinary Shares,$1.06,0.015,1.435%,5367893.0,Hong Kong,2022,92242,Finance,Finance: Consumer Services
MENS,Jyong Biotech Ltd. Ordinary Shares,$1.95,0.25,14.706%,148253951.0,Taiwan,2025,185305,Health Care,Biotechnology: Pharmaceutical Preparations
MFG,Mizuho Financial Group Inc. Sponosred ADR (Japan),$7.75,0.16,2.108%,97372806913.0,Japan,,7209859,Finance,Major Banks
MFI,mF International Limited Class A Ordinary Shares,$10.90,0.6,5.825%,546923403.0,Hong Kong,2024,3351,Technology,EDP Services
MGIH,Millennium Group International Holdings Limited Ordinary Shares,$1.41,-0.19,-11.875%,15862500.0,Hong Kong,2023,48024,Consumer Discretionary,Publishing
MGN,Megan Holdings Limited Class A Ordinary Shares,$4.10,-0.6,-12.766%,66625000.0,Malaysia,2025,1118621,Consumer Staples,Farming/Seeds/Milling
MGRT,Mega Fortune Company Limited Ordinary Shares,$7.65,0.19,2.547%,105187500.0,Hong Kong,2025,1992,Technology,EDP Services
MIMI,Mint Incorporation Limited Class A Ordinary Shares,$0.2994,0.0033,1.114%,7488743.0,Hong Kong,2025,96718,Real Estate,Real Estate
MKDW,MKDWELL Tech Inc. Ordinary Share,$2.2287,0.0387,1.767%,7908992.0,Taiwan,,2504,Technology,Consumer Electronics/Appliances
MLCO,Melco Resorts & Entertainment Limited American Depositary Shares,$5.47,0.01,0.183%,2225152267.0,Hong Kong,2006,1084889,Consumer Discretionary,Hotels/Resorts
MMTX,Miluna Acquisition Corp Class A Ordinary Share,$9.98,0.0,0.00%,0.0,Taiwan,2025,1,Finance,Blank Checks
MMTXW,Miluna Acquisition Corp Warrant,$0.1301,0.0001,0.077%,0.0,Taiwan,2025,75077,Finance,Blank Checks
MMYT,MakeMyTrip Limited Ordinary Shares,$40.67,0.89,2.237%,4525042743.0,India,2010,1982473,Consumer Discretionary,Transportation Services
MNDR,Mobile-health Network Solutions Class A Ordinary Shares,$1.06,-0.16,-13.115%,3554709.0,Singapore,2024,763984,Technology,Computer Software: Prepackaged Software
MNSO,MINISO Group Holding Limited American Depositary Shares each representing four Ordinary Shares,$16.38,0.1,0.614%,5118225152.0,China,2020,301987,Consumer Discretionary,Department/Specialty Retail Stores
MNY,MoneyHero Limited Class A Ordinary Shares,$1.37,0.04,3.008%,59189522.0,Singapore,,15580,Real Estate,Real Estate
MNYWW,MoneyHero Limited Warrants,$0.075,-0.0137,-15.445%,3240302.0,Singapore,,5502,Real Estate,Real Estate
MOMO,Hello Group Inc. American Depositary Shares,$6.00,0.11,1.868%,964016808.0,China,2014,833743,Technology,Computer Software: Prepackaged Software
MRM,MEDIROM Healthcare Technologies Inc. American Depositary Share,$1.22,-0.03,-2.40%,9640379.0,Japan,2020,37981,Consumer Discretionary,Other Consumer Services
MSW,Ming Shing Group Holdings Limited Ordinary Shares,$0.9004,-0.3296,-26.797%,11682690.0,Hong Kong,2024,101855,Consumer Discretionary,Engineering & Construction
MTC,MMTec Inc. Common Shares,$6.13,0.22,3.723%,154395476.0,China,2019,28010,Technology,Computer Software: Prepackaged Software
MTEN,Mingteng International Corporation Inc. Class A Ordinary Shares,$1.38,0.05,3.759%,1686539.0,China,2024,33327,Industrials,Building Products
MUFG,Mitsubishi UFJ Financial Group Inc. Common Stock,$16.66,0.21,1.277%,197716063927.0,Japan,,4746928,Finance,Commercial Banks
NA,Nano Labs Ltd Class A Ordinary Shares,$2.97,0.08,2.768%,70008344.0,China,2022,17106,Technology,Semiconductors
NAAS,NaaS Technology Inc. American Depositary Shares,$2.47,0.01,0.407%,29776309.0,China,2017,1688,Consumer Discretionary,Other Specialty Stores
NAMI,Jinxin Technology Holding Company American Depositary Shares,$0.85,0.2322,37.585%,67210699.0,China,2024,208031,Real Estate,Other Consumer Services
NBP,NovaBridge Biosciences American Depositary Shares,$2.63,0.07,2.734%,302433368.0,China,2020,302037,Health Care,Biotechnology: Pharmaceutical Preparations
NBRGU,Newbridge Acquisition Limited Unit,$10.01,0.04,0.401%,0.0,Hong Kong,2026,2016,Finance,Blank Checks
NCEW,New Century Logistics (BVI) Limited Ordinary Shares,$10.0873,0.3873,3.993%,32279360.0,Hong Kong,2024,7262,Industrials,Integrated Freight & Logistics
NCI,Neo-Concept International Group Holdings Limited Class A Ordinary Shares,$5.52,-0.18,-3.158%,107717379.0,Hong Kong,2024,4888794,Consumer Discretionary,Apparel
NCRA,Nocera Inc. Common Stock,$0.225,-0.015,-6.25%,3234064.0,Taiwan,,41957,Consumer Staples,Farming/Seeds/Milling
NCT,Intercont (Cayman) Limited Class A Ordinary shares,$0.1101,0.0122,12.462%,3227633.0,China,2025,989747,Consumer Discretionary,Restaurants
NCTY,The9 Limited American Depository Shares,$5.82,0.47,8.785%,81843063.0,China,2004,45589,Finance,Finance: Consumer Services
NEGG,Newegg Commerce Inc. Common Shares,$37.99,3.11,8.916%,740372446.0,China,2010,55412,Consumer Discretionary,Other Specialty Stores
NIU,Niu Technologies American Depositary Shares,$2.96,0.1,3.497%,230773357.0,China,2018,535173,Industrials,Auto Manufacturing
NIVF,NewGenIvf Group Limited Class A Ordinary Shares,$1.73,0.1,6.135%,11400316.0,Singapore,,19499,Health Care,Misc Health and Biotechnology Services
NIVFW,NewGenIvf Group Limited Warrants,$0.0197,0.0,0.00%,11200.0,Singapore,,10000,Health Care,Misc Health and Biotechnology Services
NMR,Nomura Holdings Inc ADR American Depositary Shares,$7.82,0.28,3.714%,23117569746.0,Japan,,3882461,Finance,Investment Bankers/Brokers/Service
NOAH,Noah Holdings Limited American Depositary Shares,$11.49,0.12,1.055%,770182421.0,China,2010,147338,Finance,Investment Managers
NPT,Texxon Holding Limited Ordinary shares,$7.71,0.35,4.755%,171046350.0,China,2025,138341,Consumer Discretionary,Specialty Chemicals
NTCL,NETCLASS TECHNOLOGY INC Class A Ordinary Shares,$0.34,0.0161,4.971%,7477291.0,China,2024,64165,Technology,Computer Software: Prepackaged Software
NTES,NetEase Inc. American Depositary Shares,$113.38,-0.4,-0.352%,71792021440.0,China,,704792,Technology,Computer Software: Prepackaged Software
NWGL,CL Workshop Group Limited American Depositary Shares,$0.797,0.0492,6.579%,13192873.0,China,2023,25817,Energy,
NXTT,Next Technology Holding Inc. Ordinary Shares,$1.50,-0.5,-25.00%,7323834.0,China,,193627,Technology,EDP Services
OCG,Oriental Culture Holding LTD Ordinary Shares,$0.67,-0.055,-7.586%,1164587.0,China,2020,462276,Consumer Discretionary,Other Consumer Services
OFAL,OFA Group Class A Ordinary Shares,$0.38,-0.005,-1.299%,5508913.0,Hong Kong,2025,124390,Consumer Discretionary,Military/Government/Technical
OIO,OIO Group Ordinary Shares,$3.15,-0.03,-0.943%,131721156.0,Singapore,,12005,Utilities,Environmental Services
OMH,Ohmyhome Limited Class A Ordinary Shares,$1.31,-0.09,-6.429%,30903303.0,Singapore,2023,25857,Finance,Real Estate
OMSE,OMS Energy Technologies Inc. Ordinary Shares,$4.65,-0.58,-11.09%,197386474.0,Singapore,2025,51708,Consumer Discretionary,Oil and Gas Field Machinery
ONEG,OneConstruction Group Limited Ordinary Shares,$1.885,0.035,1.892%,30160000.0,Hong Kong,2024,110459,Consumer Discretionary,Homebuilding
ORIQW,Origin Investment Corp I Warrant.,$0.1347,0.0,0.00%,0.0,Singapore,2025,1,Finance,Blank Checks
ORIS,Oriental Rise Holdings Limited Ordinary Shares,$0.64,0.1276,24.902%,3236362.0,China,2024,819358,Consumer Staples,Farming/Seeds/Milling
ORKT,Orangekloud Technology Inc. Class A Ordinary Shares,$1.02,0.0659,6.907%,5956545.0,Singapore,2024,108994,Technology,Computer Software: Prepackaged Software
OWLS,OBOOK Holdings Inc. Class A Common Shares,$5.97,0.03,0.505%,527614696.0,Taiwan,,19027,Technology,Computer Software: Prepackaged Software
PASW,Ping An Biomedical Co. Ltd. Ordinary Shares,$0.1378,-0.0001,-0.073%,17162990.0,Hong Kong,1999,203204,Consumer Discretionary,Apparel
PAVS,Paranovus Entertainment Technology Ltd. Class A Ordinary Shares,$0.2963,-0.0109,-3.548%,211372.0,China,2019,12658424,Health Care, Medicinal Chemicals and Botanical Products 
PAYP,PayPay Corporation American Depository Shares,$24.11,4.21,21.156%,15371841632.0,Japan,2026,4996606,Real Estate,Real Estate
PCLA,PicoCELA Inc. American Depositary Shares,$2.30,0.1,4.545%,9553752.0,Japan,2025,18375,Consumer Discretionary,Building Products
PDC,Perpetuals.com Ltd American Depositary Shares,$5.06,-0.09,-1.748%,15435884.0,Japan,2023,8392,Technology,EDP Services
PDD,PDD Holdings Inc. American Depositary Shares,$96.25,0.06,0.062%,136640971968.0,China,2018,8349385,Technology,EDP Services
PERF,Perfect Corp. Class A Ordinary Share,$1.70,0.05,3.03%,173142741.0,Taiwan,2022,119785,Technology,Computer Software: Prepackaged Software
PETZ,TDH Holdings Inc. Common Shares,$1.20,-0.0274,-2.232%,12387922.0,China,2017,678,Industrials,Steel/Iron Ore
PHI,PLDT Inc. Sponsored ADR,$21.40,0.7,3.382%,4623593585.0,Philippines,,211995,Telecommunications,Telecommunications Equipment
PHOE,Phoenix Asia Holdings Limited Ordinary Shares,$14.51,-1.79,-10.982%,313416000.0,Hong Kong,2025,10028,Consumer Discretionary,Engineering & Construction
PKX,POSCO HOLDINGS INC. American Depositary Shares (Each representing 1/4th of a share of Common Stock),$57.83,2.15,3.861%,19112670888.0,South Korea,1994,272631,Industrials,Steel/Iron Ore
PLAG,Planet Green Holdings Corp. Common Stock,$1.84,0.15,8.876%,26188194.0,China,,38123,Consumer Staples,Packaged Foods
PLUT,Plutus Financial Group Limited Ordinary Shares,$3.18,0.0,0.00%,45315000.0,Hong Kong,2025,2651,Finance,Investment Bankers/Brokers/Service
PMAX,Powell Max Limited Class A Ordinary Shares,$0.4355,0.0907,26.305%,3822596.0,Hong Kong,2024,28238051,Consumer Discretionary,Other Consumer Services
PMEC,Primech Holdings Ltd. Ordinary Shares,$0.698,0.008,1.159%,26558900.0,Singapore,2023,196886,Consumer Discretionary,Diversified Commercial Services
PN,Skycorp Solar Group Limited Ordinary Shares,$0.70,0.0001,0.014%,18900000.0,China,2025,19798,Technology,Retail: Computer Software & Peripheral Equipment
POM,POMDOCTOR LIMITED American Depositary Shares,$0.3367,0.0122,3.76%,39872309.0,China,2025,140243,Consumer Discretionary,Other Specialty Stores
PONY,Pony AI Inc. American Depositary Shares ,$11.04,0.51,4.843%,4786298745.0,China,2024,5707907,Technology,EDP Services
PRE,Prenetics Global Limited Class A Ordinary Share,$21.46,1.84,9.378%,279709232.0,Hong Kong,,133361,Finance,Blank Checks
PRENW,Prenetics Global Limited Warrant,$0.02,0.0,0.00%,260680.0,Hong Kong,,300,Finance,Blank Checks
PSIG,PS International Group Ltd. Ordinary Shares,$5.33,0.03,0.566%,45961134.0,Hong Kong,,3840,Industrials,Integrated Freight & Logistics
PTLE,PTL LTD Class A Ordinary Shares,$8.01,3.74,87.588%,50311563.0,Singapore,2024,9915907,Energy,Oil Refining/Marketing
QFIN,Qfin Holdings Inc. American Depositary Shares,$13.52,0.23,1.731%,1819792000.0,China,2018,1617341,Finance,Finance: Consumer Services
QH,Quhuo Limited American Depository Shares,$0.098,0.0133,15.702%,509443.0,China,2020,1826909,Real Estate,Real Estate
RAY,Raytech Holding Limited Ordinary Shares,$3.99,0.0527,1.338%,10872271.0,Hong Kong,2024,20229,Consumer Discretionary,Consumer Electronics/Appliances
RAYA,Erayak Power Solution Group Inc. Class A Ordinary Shares,$0.6376,-0.063,-8.992%,2281456.0,China,2022,228706,Consumer Discretionary,Metal Fabrications
RCON,Recon Technology Ltd. Class A Ordinary Shares,$0.8601,-0.0142,-1.624%,26342649.0,China,2009,33536,Energy,Oilfield Services/Equipment
RDACR,Rising Dragon Acquisition Corp. Rights,$0.166,-0.0003,-0.18%,0.0,China,2024,6383,Finance,Blank Checks
RDACU,Rising Dragon Acquisition Corp. Unit,$4.01,-2.54,-38.779%,0.0,China,2024,201,Finance,Blank Checks
RDGT,Ridgetech Inc. Ordinary Shares,$3.58,0.55,18.152%,65462584.0,China,,1737551,Consumer Staples,Retail-Drug Stores and Proprietary Stores
RDY,Dr. Reddy's Laboratories Ltd Common Stock,$13.69,-0.07,-0.509%,11423693947.0,India,,3769952,Health Care,Biotechnology: Pharmaceutical Preparations
RECT,Rectitude Holdings Ltd Ordinary Shares,$1.24,-0.02,-1.587%,17980000.0,Singapore,2024,2775,Consumer Discretionary,Industrial Machinery/Components
RETO,ReTo Eco-Solutions Inc. Class A Shares,$0.7581,-0.0019,-0.25%,2167288.0,China,2017,28630,Industrials,Industrial Machinery/Components
RFAIR,RF Acquisition Corp II Right,$0.1199,-0.0001,-0.083%,0.0,Singapore,2024,1850,Technology,Computer Software: Prepackaged Software
RFAMU,RF Acquisition Corp III Units,$9.95,0.0,0.00%,0.0,Singapore,2026,94,Finance,Blank Checks
RGC,Regencell Bioscience Holdings Limited Ordinary Shares,$25.215,-2.155,-7.874%,12468537815.0,Hong Kong,2021,114485,Health Care, Medicinal Chemicals and Botanical Products 
RITR,Reitar Logtech Holdings Limited Ordinary shares,$0.5419,0.0343,6.757%,33838268.0,Hong Kong,2024,97487,Finance,Real Estate
ROMA,Roma Green Finance Limited Class A Ordinary Shares,$5.93,-1.01,-14.553%,353217906.0,Hong Kong,2024,397367,Consumer Discretionary,Professional Services
RPGL,Republic Power Group Limited Class A Ordinary Shares,$0.613,-0.077,-11.159%,2064278.0,Singapore,2025,5180044,Technology,Computer Software: Prepackaged Software
RYET,Ruanyun Edai Technology Inc. Ordinary shares,$1.01,-0.01,-0.98%,34693504.0,China,2025,21211,Technology,Computer Software: Prepackaged Software
RYOJ,rYojbaba Co. Ltd. Common Shares,$2.30,0.05,2.222%,25875000.0,Japan,2025,1797,Consumer Discretionary,Professional Services
SAGT,SAGTEC GLOBAL LIMITED Class A Ordinary shares,$2.26,-0.13,-5.439%,28363000.0,Malaysia,2025,36287,Technology,Computer Software: Prepackaged Software
SAIH,SAIHEAT Limited Class A Ordinary Shares,$8.25,0.44,5.634%,14461838.0,Singapore,2021,4968,Technology,EDP Services
SCAG,Scage Future American Depositary Shares,$1.29,-0.04,-3.008%,93666468.0,China,,355,Consumer Discretionary,Construction/Ag Equipment/Trucks
SDA,SunCar Technology Group Inc. Class A Ordinary Shares,$1.82,0.07,4.00%,179279206.0,Hong Kong,2021,79362,Consumer Discretionary,Automotive Aftermarket
SDAWW,SunCar Technology Group Inc. Warrant,$0.16,0.0051,3.292%,15760809.0,Hong Kong,2021,30694,Consumer Discretionary,Automotive Aftermarket
SEED,Origin Agritech Limited Common Stock,$1.13,0.04,3.67%,13474514.0,China,,33027,Consumer Staples,Farming/Seeds/Milling
SELX,Semilux International Ltd. Ordinary Shares,$0.43,0.0098,2.332%,16094192.0,Taiwan,,3427,Technology,Semiconductors
SFHG,Samfine Creation Holdings Group Limited Class A Ordinary Share,$2.241,0.066,3.034%,9098460.0,Hong Kong,2024,10691,Consumer Discretionary,Publishing
SFWL,Shengfeng Development Limited Class A Ordinary Shares,$0.8799,0.0159,1.84%,72589562.0,China,2023,4053,Industrials,Trucking Freight/Courier Services
SHG,Shinhan Financial Group Co Ltd American Depositary Shares,$62.15,0.43,0.697%,31289126949.0,South Korea,,310473,Finance,Major Banks
SIFY,Sify Technologies Limited American Depositary Shares,$14.29,0.4,2.88%,1033887216.0,India,,48558,Technology,Computer Software: Programming Data Processing
SIMO,Silicon Motion Technology Corporation American Depositary Shares,$123.73,-0.03,-0.024%,4204799489.0,Taiwan,2005,486071,Technology,Semiconductors
SJ,Scienjoy Holding Corporation Class A Ordinary Shares ,$1.405,0.015,1.079%,59014774.0,China,2019,4141,Technology,EDP Services
SKBL,Skyline Builders Group Holding Limited Class A Ordinary Shares,$3.14,0.18,6.081%,437105615.0,Hong Kong,2025,131304,Consumer Discretionary,Engineering & Construction
SKK,SKK Holdings Limited Class A Ordinary Shares,$0.2874,-0.0076,-2.576%,5388750.0,Singapore,2024,113594,Industrials,Water Sewer Pipeline Comm & Power Line Construction
SKM,SK Telecom Co. Ltd. Common Stock,$28.88,0.44,1.547%,11077790400.0,South Korea,,785198,Telecommunications,Telecommunications Equipment
SLGB,Smart Logistics Global Limited Ordinary Shares,$0.93,0.06,6.897%,38130000.0,Hong Kong,2025,45061,Industrials,Integrated Freight & Logistics
SMFG,Sumitomo Mitsui Financial Group Inc Unsponsored American Depositary Shares (Japan),$19.53,0.45,2.358%,126438699651.0,Japan,,2743064,Finance,Commercial Banks
SNTG,Sentage Holdings Inc. Class A Ordinary Shares,$1.85,-0.02,-1.07%,5189851.0,China,2021,8404,Finance,Finance: Consumer Services
SOGP,Sound Group Inc. American Depositary Shares,$13.85,0.93,7.198%,68357700.0,China,2020,15734,Technology,Computer Software: Programming Data Processing
SOHU,Sohu.com Limited American Depositary Shares,$15.96,0.15,0.949%,416061591.0,China,,36750,Technology,EDP Services
SONY,Sony Group Corporation American Depositary Shares ,$20.68,0.46,2.275%,124597047461.0,Japan,,4933617,Consumer Staples,Consumer Electronics/Appliances
SORA,AsiaStrategy Ordinary Shares,$1.85,0.03,1.648%,45998400.0,Hong Kong,2025,3075,Industrials,Other Specialty Stores
SOS,SOS Limited Class A Ordinary Shares,$1.21,0.31,34.444%,8220588.0,China,,896887,Finance,Finance: Consumer Services
SPHL,Springview Holdings Ltd Class A Ordinary Shares,$2.60,0.175,7.216%,31881148.0,Singapore,2024,14498,Consumer Discretionary,Homebuilding
SPPL,SIMPPLE LTD. Ordinary Shares,$2.18,0.0,0.00%,9700695.0,Singapore,2023,157,Consumer Discretionary,Diversified Commercial Services
SSII,SS Innovations International Inc. Common Stock,$4.90,-0.04,-0.81%,952347810.0,India,,30038,Health Care,Medical/Dental Instruments
STAK,STAK Inc. Class A Ordinary Shares,$1.02,0.0,0.00%,13474556.0,China,2025,723066,Consumer Discretionary,Oil and Gas Field Machinery
STFS,Star Fashion Culture Holdings Limited Class A Ordinary Shares,$4.06,0.02,0.495%,4846625.0,China,2024,11129,Consumer Discretionary,Advertising
SUGP,SU Group Holdings Limited Class A Ordinary Shares,$5.268,0.388,7.951%,7716419.0,Hong Kong,2024,2939,Consumer Discretionary,Diversified Commercial Services
SXTC,China SXT Pharmaceuticals Inc. Ordinary Shares,$1.47,0.07,5.00%,3411201.0,China,2019,18863,Health Care,Biotechnology: Pharmaceutical Preparations
SY,So-Young International Inc. American Depository Shares,$2.91,0.01,0.345%,293028116.0,China,2019,644818,Technology,EDP Services
TAK,Takeda Pharmaceutical Company Limited American Depositary Shares (each representing 1/2 of a share of Common Stock),$17.86,0.03,0.168%,56210765355.0,Japan,2018,3335129,Health Care,Biotechnology: Pharmaceutical Preparations
TAL,TAL Education Group American Depositary Shares,$11.15,-0.28,-2.45%,6801741832.0,China,,4375018,Real Estate,Other Consumer Services
TANH,Tantech Holdings Ltd. Class A Common Shares,$0.7552,-0.08,-9.579%,1025818.0,China,2015,304295,Industrials,Major Chemicals
TAOP,Taoping Inc. Ordinary Shares ,$1.41,-0.07,-4.73%,13026549.0,Hong Kong,,22532,Technology,Computer Software: Prepackaged Software
TC,Token Cat Limited American Depositary Shares,$10.4299,-0.0001,-0.001%,20732336.0,China,2018,2059,Real Estate,Real Estate
TCOM,Trip.com Group Limited American Depositary Shares,$51.32,0.26,0.509%,33525853196.0,China,2003,2926558,Real Estate,Real Estate
TDIC,Dreamland Limited Class A Ordinary Shares,$0.1553,0.0037,2.441%,5746100.0,Hong Kong,2025,190689,Consumer Discretionary,Other Consumer Services
TDTH,Trident Digital Tech Holdings Ltd American Depository Shares,$0.2152,0.0062,2.967%,24768579.0,Singapore,2024,234545,Real Estate,Real Estate
TGHL,The GrowHub Limited Class A Ordinary Shares,$0.327,0.007,2.188%,8273038.0,Singapore,2025,10542,Technology,EDP Services
THCH,TH International Limited Ordinary shares,$2.10,0.0799,3.955%,69811522.0,China,,4749,Consumer Discretionary,Restaurants
THH,TryHard Holdings Limited Ordinary Shares,$0.405,0.0045,1.124%,21726731.0,Japan,2025,160791,Consumer Discretionary,Services-Misc. Amusement & Recreation
TIGR,UP Fintech Holding Ltd American Depositary Share representing fifteen Class A Ordinary Shares,$6.83,0.26,3.957%,1214813039.0,China,2019,3808162,Finance,Investment Bankers/Brokers/Service
TJGC,TJGC Group Limited Ordinary Shares,$0.499,-0.0894,-15.194%,7634700.0,Hong Kong,2025,49629,Consumer Discretionary,Advertising
TKLF,Tokyo Lifestyle Co. Ltd. American Depositary Shares,$2.41,0.0312,1.312%,10201002.0,Japan,2022,2342,Consumer Discretionary,Other Specialty Stores
TM,Toyota Motor Corporation Common Stock,$210.64,5.62,2.741%,274862656675.0,Japan,,230662,Industrials,Auto Manufacturing
TNMG,TNL Mediagene Ordinary Shares,$2.06,0.03,1.478%,5266194.0,Taiwan,,8446,Consumer Discretionary,Advertising
TOP,TOP Financial Group Limited Class A Ordinary Shares,$0.775,-0.0549,-6.615%,28727859.0,Hong Kong,2022,72824,Finance,Investment Bankers/Brokers/Service
TOUR,Tuniu Corporation American Depositary Shares,$0.687,-0.038,-5.241%,79710126.0,China,2014,184842,Consumer Discretionary,Transportation Services
TOYO,TOYO Co. Ltd Ordinary Shares,$8.21,-0.12,-1.441%,310124515.0,Japan,,31197,Consumer Discretionary,Miscellaneous manufacturing industries
TROO,TROOPS Inc. Ordinary Shares ,$2.57,0.05,1.984%,289151127.0,China,,87095,Finance,Diversified Financial Services
TRSG,Tungray Technologies Inc Class A Ordinary Shares,$1.18,0.11,10.28%,19297112.0,Singapore,2024,13889,Industrials,Industrial Machinery/Components
TSM,Taiwan Semiconductor Manufacturing Company Ltd.,$338.45,9.21,2.797%,1755386713016.0,Taiwan,1997,15828735,Technology,Semiconductors
TUYA,Tuya Inc. American Depositary Shares each representing one Class A Ordinary Share,$2.52,0.13,5.439%,1536499311.0,China,2021,2176876,Technology,Computer Software: Prepackaged Software
TWG,Top Wealth Group Holding Limited Class A Ordinary Shares,$3.80,0.06,1.604%,98470225.0,Hong Kong,2024,39032,Consumer Staples,Packaged Foods
UBXG,U-BX Technology Ltd. Class A Ordinary Shares,$1.5276,-0.1724,-10.141%,46262055.0,China,2024,13211,Technology,Computer Software: Programming Data Processing
UCAR,U Power Limited Class A Ordinary Shares,$0.1302,-0.0331,-20.269%,1037887.0,China,2023,21633274,Consumer Discretionary,Auto Parts:O.E.M.
UCL,uCloudlink Group Inc. American Depositary Shares,$1.38,-0.03,-2.128%,51933049.0,Hong Kong,2020,4490,Consumer Discretionary,Telecommunications Equipment
UFG,Uni-Fuels Holdings Limited Class A Ordinary Shares,$0.8503,-0.0597,-6.56%,27604990.0,Singapore,2025,194204,Energy,Oil Refining/Marketing
UMC,United Microelectronics Corporation (NEW) Common Stock,$9.09,-0.03,-0.329%,22835382424.0,Taiwan,,7743409,Technology,Semiconductors
UP,Wheels Up Experience Inc. Class A Common Stock,$0.5199,0.0163,3.237%,376649639.0,Singapore,2020,1032833,Consumer Discretionary,Transportation Services
UPC,Universe Pharmaceuticals Inc. Class A Ordinary Shares,$2.32,-0.08,-3.333%,1306944.0,China,2021,1886,Health Care,Biotechnology: Pharmaceutical Preparations
UTSI,UTStarcom Holdings Corp. Ordinary Shares,$2.4568,-0.0332,-1.333%,23266522.0,China,2000,1956,Telecommunications,Telecommunications Equipment
UXIN,Uxin Limited ADS,$3.51,0.11,3.235%,723654022.0,China,2018,179736,Real Estate,Real Estate
VCIG,VCI Global Limited Ordinary Share,$1.68,0.02,1.205%,3443876.0,Malaysia,2023,255383,Consumer Discretionary,Diversified Commercial Services
VFS,VinFast Auto Ltd. Ordinary Shares,$2.91,0.05,1.748%,6807981887.0,Singapore,,349993,Industrials,Auto Manufacturing
VFSWW,VinFast Auto Ltd. Warrant,$0.1773,0.0399,29.039%,414795597.0,Singapore,,2793,Industrials,Auto Manufacturing
VIOT,Viomi Technology Co. Ltd American Depositary Shares,$1.34,0.06,4.688%,91071052.0,China,2018,372232,Consumer Discretionary,Consumer Electronics/Appliances
VIPS,Vipshop Holdings Limited American Depositary Shares each representing two ordinary shares,$15.62,0.23,1.494%,9257741340.0,China,2012,1935919,Consumer Discretionary,Catalog/Specialty Distribution
VNET,VNET Group Inc. American Depositary Shares,$8.97,0.15,1.701%,2413162332.0,China,2011,6352638,Technology,Computer Software: Programming Data Processing
VNRX,VolitionRX Limited Common Stock,$0.2054,0.0183,9.781%,27845118.0,Singapore,2015,9867283,Health Care,Biotechnology: In Vitro & In Vivo Diagnostic Substances
VSA,VisionSys AI Inc. American Depositary Shares,$0.553,-0.0911,-14.144%,614703.0,China,2014,113146,Real Estate,Other Consumer Services
VSME,VS Media Holdings Limited Class A Ordinary Shares,$1.08,-0.04,-3.571%,2970739.0,Singapore,2023,25185,Consumer Discretionary,Publishing
WAFU,Wah Fu Education Group Limited Ordinary Shares,$1.60,0.04,2.564%,7056894.0,China,2019,712,Real Estate,Other Consumer Services
WAI,Top KingWin Ltd Class A Ordinary Shares,$2.19,-0.1299,-5.599%,3626909.0,China,2023,6227,Real Estate,Real Estate
WB,Weibo Corporation American Depositary Share,$8.76,0.1,1.155%,2144669453.0,China,2014,2828681,Technology,Computer Software: Programming Data Processing
WBUY,WEBUY GLOBAL LTD. Class A Ordinary Shares,$0.959,-0.0009,-0.094%,1961682.0,Singapore,2023,30998,Consumer Discretionary,Other Specialty Stores
WCT,Wellchange Holdings Company Limited Class A Ordinary shares,$2.9835,0.0767,2.639%,9145323.0,Hong Kong,2024,4686,Technology,Computer Software: Prepackaged Software
WETH,Wetouch Technology Inc. Common Stock,$1.37,0.03,2.239%,16346202.0,China,,11449,Technology,Computer peripheral equipment
WETO,Wetour Robotics Limited Ordinary Shares,$0.6368,-0.1532,-19.392%,14009600.0,China,2025,562118,Industrials,Other Transportation
WF,Woori Financial Group Inc. American Depositary Shares (each representing three (3) shares of Common Stock),$66.48,0.23,0.347%,16426932241.0,South Korea,,141593,Finance,Commercial Banks
WFF,WF Holding Limited Ordinary Shares,$0.3783,-0.0317,-7.732%,9438585.0,Malaysia,2025,179606,Consumer Discretionary,Miscellaneous manufacturing industries
WIMI,WiMi Hologram Cloud Inc. Class B Ordinary Shares,$1.72,0.08,4.878%,8445893.0,China,2020,59901,Technology,Computer Software: Prepackaged Software
WIT,Wipro Limited Common Stock,$2.16,0.01,0.465%,22619813866.0,India,,11958707,Technology,EDP Services
WNW,Meiwu Technology Company Limited Ordinary Shares,$0.1358,-0.0132,-8.859%,7284767.0,China,2020,152640718,Consumer Discretionary,Catalog/Specialty Distribution
WOK,WORK Medical Technology Group LTD Class A Ordinary Shares,$1.11,0.0,0.00%,1914310.0,China,2024,18574,Health Care,Medical/Dental Instruments
WRD,WeRide Inc. American Depositary Shares,$6.92,0.57,8.976%,1968940023.0,China,2024,25174082,Technology,EDP Services
WTF,Waton Financial Limited Ordinary Shares,$3.40,0.2,6.25%,164007405.0,Hong Kong,2025,7836,Finance,Investment Bankers/Brokers/Service
WTG,Wintergreen Acquisition Corp. Ordinary Shares,$10.26,0.0,0.00%,0.0,China,2025,2191,Finance,Blank Checks
WTGUR,Wintergreen Acquisition Corp. Rights,$0.15,0.0,0.00%,0.0,China,2025,2163,Finance,Blank Checks
WTO,UTime Limited Class A Ordinary Shares,$2.47,-0.18,-6.792%,4180349.0,China,2021,6105,Technology,Consumer Electronics/Appliances
WVE,Wave Life Sciences Ltd. Ordinary Shares,$11.62,-0.14,-1.19%,2187522565.0,Singapore,2015,3807059,Health Care,Biotechnology: Pharmaceutical Preparations
WXM,WF International Limited Ordinary Shares,$0.4626,-0.0074,-1.574%,3987930.0,China,2025,43185,Consumer Discretionary,Engineering & Construction
WYHG,Wing Yip Food Holdings Group Limited American Depositary Shares,$0.444,0.0235,5.589%,22346932.0,China,2024,33122,Consumer Staples,Specialty Foods
XHG,XChange TEC.INC American Depositary Shares ,$0.95,-0.0388,-3.924%,48970530.0,China,2019,26772,Finance,Real Estate
XNET,Xunlei Limited American Depositary Shares,$5.88,0.05,0.858%,1833738746.0,China,2014,307923,Technology,Computer Software: Prepackaged Software
XPEV,XPeng Inc. American depositary shares each representing two Class A ordinary shares,$18.87,1.32,7.521%,17930731843.0,China,2020,10377515,Industrials,Auto Manufacturing
XTKG,X3 Holdings Co. Ltd. Class A Ordinary Shares,$1.12,0.01,0.901%,10875171.0,China,2019,68758,Technology,EDP Services
YAAS,Youxin Technology Ltd Class A Ordinary shares,$0.99,0.0161,1.653%,4591818.0,China,2024,15134,Technology,Computer Software: Prepackaged Software
YB,Yuanbao Inc. American Depositary Shares,$17.70,-0.22,-1.228%,798003845.0,China,2025,50825,Finance,Specialty Insurers
YDDL,One and One Green Technologies. Inc Class A Ordinary Shares,$10.38,0.77,8.012%,565710000.0,Philippines,2025,242345,Consumer Discretionary,Industrial Specialties
YDKG,Yueda Digital Holding Class A Ordinary Share,$0.88,0.0149,1.722%,4877157.0,China,2007,28620,Consumer Discretionary,Advertising
YI,111 Inc. American Depositary Shares,$6.70,-0.15,-2.19%,58071821.0,China,2018,12432,Consumer Staples,Retail-Drug Stores and Proprietary Stores
YIBO,Planet Image International Limited Class A Ordinary Shares,$0.958,-0.042,-4.20%,51618573.0,China,2024,9532,Industrials,Industrial Machinery/Components
YJ,Yunji Inc. American Depository Shares,$1.90,0.05,2.703%,9358526.0,China,2019,6567,Consumer Discretionary,Other Specialty Stores
YMAT,J-Star Holding Co. Ltd. Class A Ordinary Shares,$0.3368,0.0058,1.752%,5729940.0,Taiwan,2025,63238,Consumer Discretionary,Recreational Games/Products/Toys
YMM,Full Truck Alliance Co. Ltd. American Depositary Shares (each representing 20 Class A Ordinary Shares),$8.30,0.0,0.00%,8680921802.0,China,2021,6292276,Technology,Computer Software: Prepackaged Software
YMT,Yimutian Inc. American Depositary Shares,$0.3001,-0.002,-0.662%,34324559.0,China,2025,321597,Technology,EDP Services
YOUL,Youlife Group Inc. American Depositary Shares,$1.03,-0.0299,-2.821%,78330058.0,China,,24441,Real Estate,Other Consumer Services
YQ,17 Education & Technology Group Inc. American Depositary Shares,$2.48,-0.036,-1.431%,21952241.0,China,2020,3940,Real Estate,Other Consumer Services
YRD,Yiren Digital Ltd. American Depositary Shares each representing two ordinary shares,$1.83,-0.14,-7.107%,158123866.0,China,2015,256337,Finance,Finance: Consumer Services
YSG,Yatsen Holding Limited American Depositary Shares each representing twenty (20) Class A Ordinary Shares,$3.70,-0.11,-2.887%,347238614.0,China,,209285,Consumer Discretionary,Package Goods/Cosmetics
YSXT,YSX Tech. Co. Ltd Class A Ordinary Shares,$1.54,-0.09,-5.521%,36093750.0,China,2024,487956,Consumer Discretionary,Automotive Aftermarket
YTRA,Yatra Online Inc. Ordinary Shares,$1.11,0.04,3.738%,68881883.0,India,,52028,Consumer Discretionary,Transportation Services
YXT,YXT.COM GROUP HOLDING LIMITED American Depository Shares,$0.49,-0.072,-12.811%,29437011.0,China,2024,11471,Technology,Computer Software: Prepackaged Software
YYGH,YY Group Holding Limited Class A Ordinary Shares,$1.24,-0.15,-10.791%,91618861.0,Singapore,2024,567879,Consumer Discretionary,Professional Services
ZBAO,Zhibao Technology Inc. Class A Ordinary Shares,$0.7897,0.023,3.00%,38106654.0,China,2024,4873,Finance,Specialty Insurers
ZCMD,Zhongchao Inc. Class A Ordinary Shares,$1.89,0.35,22.727%,7265612.0,China,2020,51157,Real Estate,Other Consumer Services
ZDAI,DirectBooking Technology Co. Ltd. Class A Ordinary Shares,$3.66,-0.15,-3.937%,29440125.0,Hong Kong,2024,15259,Consumer Discretionary,General Bldg Contractors - Nonresidential Bldgs
ZEPP,Zepp Health Corporation American depositary shares each representing sixteen Class A ordinary shares,$13.95,0.54,4.027%,200434465.0,China,,81477,Technology,Computer Manufacturing
ZGM,Zenta Group Company Limited Class A Ordinary Shares,$1.68,0.07,4.348%,19838850.0,Macau,2025,9294,Consumer Discretionary,Professional Services
ZH,Zhihu Inc. American Depositary Shares each representing three (3) Class A Ordinary Shares,$2.97,0.19,6.835%,260067637.0,China,,555147,Real Estate,Real Estate
ZJK,ZJK Industrial Co. Ltd. Class A Ordinary Shares,$2.06,-0.15,-6.787%,126445373.0,China,2024,5893,Industrials,Metal Fabrications
ZJYL,JIN MEDICAL INTERNATIONAL LTD. Class A Ordinary Shares,$2.02,-0.07,-3.349%,15811257.0,China,2023,6357,Health Care,Industrial Specialties
ZKIN,ZK International Group Co. Ltd Ordinary Share,$1.60,-0.12,-6.977%,27635693.0,China,2017,2722,Industrials,Metal Fabrications
ZLAB,Zai Lab Limited American Depositary Shares,$17.61,-0.48,-2.653%,1948383414.0,China,2017,1590370,Health Care,Biotechnology: Pharmaceutical Preparations
ZTO,ZTO Express (Cayman) Inc. American Depositary Shares each representing one Class A ordinary share.,$24.93,0.47,1.922%,20055399456.0,China,2016,2159356,Industrials,Trucking Freight/Courier Services
ZYBT,Zhengye Biotechnology Holding Limited Ordinary Shares,$1.00,0.29,40.845%,47391376.0,China,2025,10979896,Health Care,Biotechnology: Pharmaceutical Preparations
